Employee_ID,Department,Age,Gender,Experience_Years,Salary,Location,Status
BW001,IT,23,Female,1,51000,Nashik,Active
BW002,Operations,24,Female,0,39000,Nashik,Active
BW003,Sales,23,Female,0,52000,Hyderabad,Active
BW004,Sales,39,Female,8,66000,Hyderabad,Active
BW005,HR,39,Male,13,83000,Pune,Active
BW006,HR,44,Female,17,100000,Hyderabad,Active
BW007,Sales,29,Male,6,69000,Nashik,Active
BW008,Finance,26,Male,2,49000,Pune,Active
BW009,Finance,28,Male,1,51000,Mumbai,Active
BW010,HR,26,Female,4,58000,Mumbai,Active
BW011,Operations,46,Male,13,91000,Pune,Active
BW012,Finance,24,Female,3,56000,Mumbai,Active
BW013,Sales,42,Male,12,89000,Mumbai,Active
BW014,Finance,38,Male,12,89000,Bengaluru,Active
BW015,Finance,30,Female,3,52000,Mumbai,Exited
BW016,Operations,26,Male,2,51000,Nashik,Active
BW017,HR,22,Male,0,44000,Pune,Active
BW018,HR,49,Male,14,83000,Nashik,Active
BW019,Finance,54,Female,22,117000,Mumbai,Exited
BW020,HR,32,Female,3,54000,Nashik,Exited
BW021,HR,53,Female,23,114000,Nashik,Active
BW022,IT,27,Female,4,70000,Nashik,Active
BW023,Finance,30,Male,1,47000,Mumbai,Active
BW024,Sales,34,Male,2,59000,Hyderabad,Active
BW025,Sales,50,Female,17,100000,Nashik,Active
BW026,Finance,22,Female,1,46000,Mumbai,Active
BW027,IT,24,Male,2,56000,Mumbai,Active
BW028,Sales,30,Male,4,65000,Mumbai,Exited
BW029,Operations,48,Male,15,94000,Hyderabad,Active
BW030,IT,28,Male,4,59000,Pune,Active
BW031,Finance,34,Male,8,74000,Mumbai,Active
BW032,IT,50,Female,18,112000,Pune,Active
BW033,Finance,32,Female,3,58000,Hyderabad,Exited
BW034,IT,46,Male,15,98000,Bengaluru,Exited
BW035,Operations,53,Female,18,97000,Bengaluru,Active
BW036,IT,25,Female,3,65000,Pune,Active
BW037,Sales,27,Female,3,51000,Hyderabad,Active
BW038,IT,37,Female,8,81000,Hyderabad,Active
BW039,Sales,55,Female,17,106000,Bengaluru,Active
BW040,Operations,30,Male,6,69000,Bengaluru,Active
BW041,IT,22,Female,0,47000,Nashik,Active
BW042,HR,30,Female,7,64000,Bengaluru,Exited
BW043,HR,32,Female,3,50000,Nashik,Active
BW044,HR,28,Female,5,54000,Nashik,Active
BW045,Finance,39,Male,9,76000,Nashik,Active
BW046,Operations,38,Male,11,75000,Bengaluru,Active
BW047,IT,22,Male,0,50000,Nashik,Active
BW048,Operations,22,Female,1,44000,Nashik,Active
BW049,IT,45,Male,11,83000,Pune,Active
BW050,HR,35,Female,6,66000,Bengaluru,Active
BW051,Sales,48,Female,18,102000,Hyderabad,Exited
BW052,IT,33,Male,5,67000,Mumbai,Active
BW053,HR,32,Female,6,55000,Mumbai,Exited
BW054,Operations,44,Female,11,79000,Mumbai,Exited
BW055,IT,34,Male,5,63000,Bengaluru,Exited
BW056,Sales,47,Male,15,100000,Pune,Exited
BW057,IT,38,Male,12,88000,Bengaluru,Active
BW058,HR,49,Female,21,113000,Hyderabad,Exited
BW059,Sales,34,Female,7,63000,Bengaluru,Active
BW060,Operations,26,Male,5,65000,Pune,Exited
BW061,HR,54,Female,17,96000,Mumbai,Active
BW062,Operations,46,Female,16,101000,Nashik,Active
BW063,Sales,41,Male,7,68000,Nashik,Active
BW064,Sales,42,Female,14,93000,Nashik,Active
BW065,Operations,32,Male,4,62000,Pune,Active
BW066,Finance,41,Female,9,74000,Pune,Active
BW067,IT,37,Female,12,85000,Hyderabad,Active
BW068,Operations,47,Female,13,84000,Pune,Active
BW069,Operations,36,Female,11,82000,Pune,Active
BW070,Operations,30,Male,9,75000,Hyderabad,Active
BW071,Sales,54,Male,13,89000,Hyderabad,Exited
BW072,HR,37,Male,11,81000,Mumbai,Active
BW073,HR,50,Female,17,94000,Mumbai,Active
BW074,Finance,36,Female,9,77000,Pune,Active
BW075,Operations,48,Male,13,81000,Hyderabad,Active
BW076,Sales,23,Female,2,56000,Bengaluru,Active
BW077,HR,46,Female,17,97000,Hyderabad,Active
BW078,Finance,39,Male,4,61000,Bengaluru,Active
BW079,Operations,32,Male,9,77000,Nashik,Active
BW080,Sales,23,Female,0,42000,Hyderabad,Active
BW081,Finance,25,Male,2,55000,Bengaluru,Active
BW082,Operations,38,Female,11,75000,Bengaluru,Active
BW083,Finance,26,Female,3,52000,Pune,Exited
BW084,Sales,31,Female,1,48000,Nashik,Active
BW085,Finance,51,Female,15,92000,Mumbai,Active
BW086,HR,28,Male,0,45000,Nashik,Active
BW087,Operations,47,Female,15,96000,Pune,Active
BW088,HR,29,Male,3,54000,Nashik,Active
BW089,Operations,45,Male,16,90000,Pune,Exited
BW090,Operations,45,Male,14,94000,Mumbai,Exited
BW091,Operations,33,Male,5,59000,Hyderabad,Active
BW092,Operations,39,Female,3,53000,Bengaluru,Exited
BW093,Operations,37,Female,8,75000,Hyderabad,Active
BW094,HR,33,Male,3,53000,Bengaluru,Active
BW095,HR,39,Male,7,61000,Hyderabad,Active
BW096,Sales,37,Male,7,74000,Hyderabad,Active
BW097,IT,27,Male,2,56000,Hyderabad,Active
BW098,Sales,55,Male,21,113000,Bengaluru,Active
BW099,Operations,39,Female,9,79000,Nashik,Active
BW100,Finance,34,Male,8,71000,Nashik,Active
BW101,Sales,40,Female,15,93000,Bengaluru,Active
BW102,IT,30,Female,4,63000,Nashik,Active
BW103,HR,30,Male,2,44000,Hyderabad,Exited
BW104,Operations,50,Female,12,82000,Bengaluru,Active
BW105,Operations,29,Female,5,56000,Mumbai,Active
BW106,Finance,41,Female,8,68000,Nashik,Exited
BW107,Operations,36,Male,8,71000,Bengaluru,Active
BW108,Sales,25,Female,0,50000,Mumbai,Exited
BW109,Finance,38,Female,8,70000,Pune,Active
BW110,Operations,50,Male,14,95000,Pune,Active
BW111,Finance,40,Female,9,78000,Bengaluru,Active
BW112,Sales,34,Female,3,57000,Mumbai,Active
BW113,HR,31,Male,6,60000,Hyderabad,Active
BW114,IT,51,Male,17,111000,Bengaluru,Active
BW115,Sales,53,Male,14,92000,Pune,Active
BW116,IT,36,Female,9,85000,Bengaluru,Exited
BW117,Sales,24,Male,1,52000,Mumbai,Active
BW118,Sales,49,Female,13,93000,Hyderabad,Active
BW119,HR,48,Male,12,77000,Bengaluru,Active
BW120,Operations,24,Male,3,56000,Bengaluru,Active
